{"userId": 1, "activity_ids": [7984032531, 8018296272, 8018281439, 8041048648, 8073007459, 8088527301, 8284777168, 8305727869, 8326678186, 8345965357, 8356981919, 8394504578, 8466416540, 8497162071, 8507524286, 8533325770, 8544685907, 8547478402, 8582483017, 8610556595, 8618270528, 8660363133, 8697382721, 8703735808, 8714402093, 8770795657, 8775936418, 8786791156, 8813017207, 8817285782, 8831586004, 8843079959, 8848897740, 8858836078, 8878529617, 8885102815, 8898954802, 8942982246, 9064989435, 9094923428, 9101782737, 9134041407, 9176415258, 9198849251, 9246507826, 9315497603, 9397949607, 9404225943, 9416381414, 9437655032, 9449811769, 9460624446, 9480760938, 9494033820, 9525890870, 9541595299, 9548192103, 9576176238, 9585926416, 9594525924, 9608333377, 9628120507, 9633511572, 9637676494, 9650881930, 9667880588, 9679331975, 9700620671, 9724965826, 9751283611, 9769121315, 9773453353, 9790180446, 9802673876, 9812878946, 9819783882, 9840837105, 9860109589, 9866971459, 9911016481, 9911079823, 9911934944], "speeds": [12.4416, 12.520800000000001, 12.96, 13.1868, 12.830400000000001, 13.244399999999999, 12.456, 12.348, 12.6036, 12.33, 12.1356, 12.3552, 12.6504, 12.5856, 12.4488, 13.0176, 12.506400000000001, 12.4308, 12.391200000000001, 12.153599999999999, 12.2652, 12.5928, 12.6792, 12.351600000000001, 10.9152, 11.8584, 12.9852, 11.649600000000001, 10.9692, 10.9008, 11.322000000000001, 11.9088, 12.117600000000001, 12.2184, 12.2544, 12.2688, 12.1716, 12.6648, 12.2256, 11.9628, 11.1132, 11.282399999999999, 12.142800000000001, 11.5812, 11.574, 11.8116, 10.9152, 11.376000000000001, 11.620800000000001, 11.7072, 12.798, 12.1212, 11.574, 12.0996, 11.645999999999999, 12.0852, 11.988000000000001, 13.104000000000001, 12.1572, 12.103200000000001, 12.405600000000002, 12.229199999999999, 12.2004, 12.132000000000001, 12.247200000000001, 12.535200000000001, 12.1716, 11.826, 12.5136, 12.1464, 11.9628, 12.0816, 11.491200000000001, 11.628, 11.4696, 11.390400000000001, 12.0204, 12.232800000000001, 11.9232, 11.8584, 12.5928, 12.6324], "distances": [6.0127, 8.0167, 6.054600000000001, 8.029, 7.1218, 8.0312, 6.0376, 6.0575, 8.021, 6.0068, 9.9924, 10.2027, 10.540899999999999, 6.0313, 8.0369, 8.025, 8.0322, 5.027100000000001, 8.0167, 6.0097, 12.010200000000001, 10.2742, 8.0343, 10.0038, 8.0258, 8.0628, 8.0078, 8.0289, 10.020100000000001, 12.0039, 12.002799999999999, 10.0095, 10.0059, 14.0091, 10.0225, 10.024299999999998, 16.0383, 15.7979, 6.0045, 10.011700000000001, 8.0143, 9.8604, 8.0283, 4.9861, 8.0111, 8.1663, 10.282200000000001, 10.213700000000001, 10.0159, 13.494, 8.229700000000001, 6.0199, 7.1624, 15.025799999999998, 10.0161, 12.0275, 7.049600000000001, 10.002799999999999, 12.0111, 17.0295, 10.11, 8.0481, 12.501299999999999, 18.0274, 12.0267, 10.0447, 12.0285, 8.031699999999999, 18.4114, 10.0219, 10.313600000000001, 16.0302, 14.0289, 12.0404, 10.0355, 13.8379, 13.0465, 12.5018, 6.2962, 3.1494, 1.025, 21.1495], "average_heartrates": [182.0, 183.0, 177.9, 127.1, 155.2, 175.4, 160.8, 162.7, 162.6, 185.1, 171.8, 171.1, 148.7, 174.7, 138.1, 170.5, 174.6, 142.5, 192.1, 181.7, 185.5, 190.8, 190.7, 191.7, 165.1, 180.3, 194.3, 170.8, 169.1, 167.8, 175.0, 172.0, 173.5, 181.7, 178.3, 175.3, 177.7, 189.9, 186.3, 186.3, 172.4, 165.8, 194.0, 174.5, 193.9, 183.4, 168.5, 189.4, 183.6, 182.3, 190.7, 171.4, 171.4, 180.1, 169.7, 171.9, 168.7, 181.7, 166.0, 184.5, 172.4, 165.3, 172.1, 176.1, 181.3, 173.1, 189.7, 170.0, 184.7, 169.9, 176.8, 174.7, 174.4, 179.0, 162.6, 170.2, 173.3, 174.8, 154.9, 175.5, 171.9, 190.6], "altitude_changes": [7.9, 7.9, 7.8, 10.7, 14.7, 7.9, 7.8, 7.8, 7.9, 7.6, 9.7, 9.7, 9.7, 7.6, 7.6, 7.6, 7.6, 7.6, 7.6, 7.5, 21.2, 21.2, 7.6, 9.6, 7.6, 10.6, 7.6, 7.6, 9.7, 13.4, 15.3, 15.3, 9.7, 15.4, 9.7, 9.7, 22.8, 55.1, 7.6, 9.7, 7.5, 39.2, 7.6, 7.5, 14.0, 7.6, 240.9, 241.7, 9.7, 12.7, 2.1, 7.6, 7.6, 21.2, 9.7, 20.9, 7.6, 9.7, 20.9, 34.3, 15.3, 7.7, 9.1, 22.7, 21.0, 21.0, 21.0, 9.7, 315.0, 9.7, 18.0, 28.0, 22.0, 21.0, 9.0, 27.0, 28.0, 15.0, 6.0, 8.0, 4.0, 56.0], "locations": [[50.85154583, 3.2763045], [50.852261, 3.27675433], [50.85216183, 3.27672533], [50.8519685, 3.2772525], [50.852813, 3.27695967], [50.852415, 3.27646967], [50.85227833, 3.27693467], [50.85224933, 3.2766955], [50.85230233, 3.27681517], [50.85207667, 3.27677517], [50.85213967, 3.277327], [50.852265, 3.2767125], [50.85224217, 3.27678033], [50.85226467, 3.27674467], [50.85226983, 3.27687667], [50.85226783, 3.27683417], [50.85226367, 3.27663483], [50.85228033, 3.27676967], [50.85221333, 3.27676083], [50.85210017, 3.27678217], [50.85226883, 3.27664817], [50.85212517, 3.27668083], [50.85243417, 3.2767185], [50.8524095, 3.27665033], [50.852203, 3.27690717], [50.85119867, 3.27604833], [50.85231983, 3.27695983], [50.85228483, 3.27677267], [50.8523325, 3.27682217], [50.852355, 3.27666467], [50.85229183, 3.27695917], [50.85218383, 3.27711667], [50.85231283, 3.27706883], [50.8519575, 3.27616183], [50.85226933, 3.276792], [50.85213683, 3.27667067], [50.85234333, 3.27673033], [51.2239425, 4.38608217], [50.85231983, 3.276849], [50.85215117, 3.27687267], [50.85232567, 3.2771075], [50.85227783, 3.27751017], [50.85250267, 3.27682183], [50.85367417, 3.27747267], [50.85338433, 3.27809533], [50.85230267, 3.27682967], [47.85713517, 7.91737333], [47.85706067, 7.9172595], [50.852327, 3.27686033], [50.84358233, 3.31379333], [50.84439483, 3.313194], [50.85228783, 3.27688633], [50.85227, 3.27685017], [50.85236717, 3.27680767], [50.85227833, 3.27691833], [50.85229933, 3.276918], [50.85227017, 3.2768995], [50.85224317, 3.27686433], [50.85223, 3.276887], [50.852245, 3.27692667], [50.85227517, 3.27692167], [50.85226967, 3.276878], [50.8434365, 3.3137295], [50.85230367, 3.27686133], [50.852243, 3.27687833], [50.85226817, 3.27683083], [50.852313, 3.2769125], [50.85228267, 3.27692267], [50.826794, 3.49545533], [50.85242833, 3.2769475], [50.852290391922, 3.276741849258542], [50.85231889039278, 3.276838408783078], [50.85230288095772, 3.276903284713626], [50.852299109101295, 3.2769293524324894], [50.85229391232133, 3.2768915500491858], [50.85229684598744, 3.276920886710286], [50.85231201723218, 3.276885012164712], [50.84361797198653, 3.313825987279415], [50.84334505721927, 3.3136591874063015], [50.80625832080841, 3.1866543274372816]], "condition_values": [0.8383631352986954, 0.8481958539800576, 0.9440413544463451, 1.287621853826095, 1.0249205922351396, 0.9946060965966498, 0.9416551337273363, 0.9318843751557335, 0.9639241740324381, 0.8184453072049508, 0.8564319465694231, 0.8897242178135399, 1.0739511000326178, 0.8994869555663153, 1.1145742853005067, 0.9847048177628823, 0.8889332868457149, 1.0746881102934327, 0.7914925238768075, 0.8066457804127867, 0.7892871180223879, 0.8016912709359605, 0.8382977311963588, 0.7949402961654822, 0.7033082190023631, 0.7688507409385483, 0.8562666767678847, 0.7848055431912767, 0.7010025077463994, 0.7018289738259833, 0.6942062872184186, 0.7830845723295229, 0.8338740944904905, 0.7881353396351831, 0.8296470239447801, 0.857904451499293, 0.7707598128888072, 0.8445632451633123, 0.7885069289702008, 0.7655828008456903, 0.7123002439616081, 0.7588874343684234, 0.7395827154453728, 0.7554225107408976, 0.6883140442430558, 0.7451308865854082, 0.6866668875768609, 0.6592503968856878, 0.7199404386713677, 0.6851914345806367, 0.6211439270010504, 0.8500233397080321, 0.7779893474649707, 0.7990555071867138, 0.7923628617376994, 0.8312611653289337, 0.8518787204606404, 0.9372091447170723, 0.8591231584700169, 0.7827338886726354, 0.8023872492152313, 0.8979840851800853, 0.8613504785127938, 0.7845307753265539, 0.7975851779567951, 0.854643334615437, 0.7597476293253498, 0.81006937319656, 0.847923576306479, 0.8684609924554552, 0.763602722303979, 0.8290236185671965, 0.7498212172604405, 0.7285274325814681, 0.8090189478123352, 0.7537636138410133, 0.8083730574642861, 0.8457652209307184, 0.7959428340393848, 0.8372677948183856], "average_location": [50.7806203360991, 3.410636856577937], "average_speeds": 12.126468292682928, "std_speeds": 0.5255197652123014,